SATV,SATM,CGPA,MGPA,Psych1,Psych10,SAT,SEX
NA,NA,3.38,3.42,NA,2.66,NA,Female
750,780,3.71,3.79,4,4,1530,Male
770,750,3.22,3.67,2.33,2.66,1520,Male
730,790,3.16,3.54,3.33,3.33,1520,Male
590,920,3.02,3.07,3,3.33,1510,Male
750,760,3.11,3.07,4,3.33,1510,Male
760,740,3.22,3.42,3,3,1500,Female
740,750,3.52,3.67,3.66,3.66,1490,Male
730,760,3.39,3.53,NA,3.33,1490,Female
710,780,3.32,3.29,3,4,1490,Male
680,800,3.06,3.67,4,3.33,1480,Male
740,740,2.67,2.33,2.66,3.33,1480,Female
750,720,3.74,3.96,4,4,1470,Female
720,750,3.35,3.72,3.66,3.66,1470,Female
760,710,3.32,3.57,3.66,2.66,1470,Male
780,690,3.59,3.57,3.66,3,1470,Female
740,730,2.78,3.25,2,3,1470,Male
760,700,3.25,3.82,3.66,3.66,1460,Female
690,770,3.64,3.75,3.66,4,1460,Male
710,750,3.4,3.51,NA,3.33,1460,Male
760,700,2.78,2.83,2.66,2.66,1460,Female
710,750,2.53,2.42,2,1.66,1460,Male
760,690,3.9,4,4,3.33,1450,Female
710,740,3.75,3.92,3.66,4,1450,Female
700,750,3.6,3.78,4,4,1450,Male
700,750,3.46,3.7,4,3.66,1450,Female
700,750,3.21,3.22,2.66,3.33,1450,Male
710,740,2.45,2.81,3.33,2,1450,Male
700,750,2.86,2.7,2,3.66,1450,Male
750,690,3.84,4,4,4,1440,Female
750,690,3.71,3.83,4,4,1440,Female
690,750,3.62,3.81,4,3.66,1440,Male
760,680,3.53,3.76,3.33,4,1440,Female
670,770,3.26,3.42,3.66,2.66,1440,Male
690,750,3.15,3.29,3.66,3.33,1440,Male
790,650,2.66,3.15,3,2.66,1440,Male
690,750,2.2,2.17,2.33,1,1440,Male
750,680,3.86,4,4,4,1430,Male
670,760,3.46,3.86,4,4,1430,Male
720,710,3.68,3.73,4,4,1430,Female
730,700,3.24,3.66,3.33,4,1430,Male
660,770,3.49,3.64,3.66,3.33,1430,Male
720,710,3.32,3.47,NA,3.33,1430,Female
680,750,3.35,3.21,3.33,2.33,1430,Female
690,740,3.2,3.2,3.66,2.66,1430,Male
660,770,3.19,3.2,3,4,1430,Female
660,770,2.92,2.79,3.66,3.33,1430,Male
670,750,3.43,3.71,3.66,4,1420,Male
690,730,3.58,3.63,2.66,3,1420,Female
690,730,3.54,3.63,3.33,4,1420,Female
630,790,3.48,3.57,4,4,1420,Male
670,750,2.96,3.33,3.66,3,1420,Male
660,760,3.47,3.33,3.66,4,1420,Male
680,740,2.8,3.29,2.66,3.66,1420,Male
660,760,3.14,3.27,3.66,3,1420,Female
670,750,3.17,3.13,2.33,3,1420,Male
710,710,2.58,2.79,1.66,2,1420,Male
690,730,2.04,2.29,2.33,2,1420,Male
640,770,3.92,4,NA,4,1410,Male
710,700,3.84,3.93,4,4,1410,Female
670,740,3.65,3.89,4,3.33,1410,Male
630,780,3.75,3.75,4,4,1410,Male
700,710,3.39,3.73,3.33,3.33,1410,Male
650,760,3.44,3.67,3.33,3.33,1410,Male
630,780,3.45,3.63,3.66,3.66,1410,Male
750,660,3.28,3.38,3.33,3.33,1410,Female
660,750,3.31,3.33,3.66,3,1410,Male
670,740,3.06,3.17,2.66,3.33,1410,Female
710,700,3.36,3.17,3,3.33,1410,Female
730,680,2.72,3.04,2.33,2.66,1410,Male
710,700,2.72,2.85,3,3.66,1410,Female
640,770,2.31,2.23,3.66,0,1410,Male
640,770,2.22,2.17,3.66,0,1410,Male
670,730,3.67,3.96,3.66,4,1400,Male
650,750,3.57,3.96,4,4,1400,Male
690,710,3.43,3.79,3.66,3.66,1400,Male
710,690,3.34,3.66,3.66,3.66,1400,Male
710,690,3.26,3.58,3.33,4,1400,Female
680,720,3.04,3.29,3,3.33,1400,Female
690,710,2.75,3.17,2.66,3.33,1400,Male
670,730,3.2,3.13,3.66,3.66,1400,Male
730,670,3.39,3.07,3.66,3.66,1400,Male
660,740,2.96,2.71,3,2.66,1400,Male
650,750,2.96,2.67,3.66,3,1400,Male
680,710,3.55,3.97,4,4,1390,Male
680,710,3.29,3.67,4,3.66,1390,Male
700,690,3.32,3.58,3,3.66,1390,Female
670,720,3.51,3.57,3.66,3.66,1390,Female
680,710,3.14,3.5,3.66,4,1390,Male
670,720,3.28,3.48,2.66,3,1390,Male
660,730,3.06,3.22,3.66,3.66,1390,Male
650,740,2.73,2.77,3,3,1390,Male
640,750,2.39,2.38,3.33,2.66,1390,Male
710,670,3.8,3.97,3.33,4,1380,Female
670,710,3.67,3.96,3.33,3.66,1380,Male
670,710,3.73,3.93,3.66,3.66,1380,Male
670,710,3.36,3.71,3.66,4,1380,Female
690,690,3.27,3.54,2,3,1380,Male
640,740,3.25,3.5,3.66,4,1380,Male
630,750,3.04,3.43,2,3,1380,Male
600,780,3.35,3.42,3.33,4,1380,Male
660,720,3.12,3.37,3,NA,1380,Male
660,710,3.83,4,4,4,1370,Male
690,680,3.54,3.7,4,4,1370,Female
650,720,3.33,3.67,4,3,1370,Female
650,720,3.42,3.54,2.66,4,1370,Male
620,750,3.53,3.5,3.66,3,1370,Male
610,760,3.43,3.42,1.66,4,1370,Male
680,690,3.08,3.29,3.33,3,1370,Female
690,680,3.26,3.25,3.22,2.66,1370,Female
620,750,2.9,3.1,2.33,3,1370,Male
630,740,2.73,3,2.33,3.66,1370,Female
600,770,3.09,2.9,3,2.66,1370,Male
640,730,2.86,2.88,2.66,3.33,1370,Male
690,680,2.73,2.7,2.33,3,1370,Male
650,720,2.81,2.63,3,3,1370,Male
690,670,3.76,4,3.66,4,1360,Female
680,680,3.73,3.96,3.66,4,1360,Female
710,650,3.59,3.85,4,3.66,1360,Male
630,730,3.48,3.75,3.66,3.66,1360,Male
650,710,3.78,3.75,4,3,1360,Female
700,660,3.46,3.71,3.66,3,1360,Female
680,680,3.54,3.71,3,3.66,1360,Female
700,660,3.24,3.67,3.66,3,1360,Male
710,650,3.52,3.66,3.66,NA,1360,Male
690,670,3.6,3.63,4,4,1360,Male
690,670,3.41,3.57,2.66,2.33,1360,Male
630,730,3.65,3.54,4,3.66,1360,Male
650,710,3.49,3.54,3.66,3.66,1360,Female
620,740,3.53,3.47,4,4,1360,Female
630,730,2.87,3.42,3,3,1360,Female
680,680,3.07,3.37,3.66,4,1360,Female
710,650,2.96,3.33,3,2,1360,Female
610,750,3.12,3.29,3.66,3.66,1360,Male
700,660,3.43,3.29,3.33,3,1360,Male
640,720,2.98,3.08,2.66,2.33,1360,Male
660,700,2.96,3.04,3,3.66,1360,Female
600,760,2.9,2.9,3,3,1360,Male
670,690,2.54,2.33,2,2.33,1360,Female
660,690,3.85,4,4,4,1350,Female
670,680,3.7,3.97,4,4,1350,Male
700,650,3.55,3.9,3,3.66,1350,Female
660,690,3.56,3.88,4,4,1350,Male
680,670,3.57,3.85,4,3.66,1350,Male
680,670,3.47,3.61,3.66,4,1350,Male
640,710,3.29,3.59,2,3.66,1350,Male
610,740,3.3,3.59,3.66,3,1350,Female
620,730,3.15,3.56,2.66,2.66,1350,Male
590,760,3.42,3.54,3.33,4,1350,Male
660,690,3.12,3.54,3.33,4,1350,Male
700,650,3.37,3.39,3,3,1350,Female
710,640,3.23,3.36,3.33,3,1350,Male
590,760,3.13,3.25,3.33,3.66,1350,Female
570,780,3.14,3.17,3.66,2.66,1350,Male
680,670,2.95,3.13,2.33,3,1350,Female
630,720,3.12,3.11,3,3,1350,Male
580,770,2.75,3,2.66,2.33,1350,Male
630,720,3.14,2.88,3,3,1350,Female
630,720,2.73,2.85,3.66,2.66,1350,Female
670,680,2.25,2.78,3,2.33,1350,Male
700,650,2.42,2.62,2.33,2.66,1350,Female
600,750,2.54,2.3,2.33,3.33,1350,Female
670,670,3.77,4,4,4,1340,Male
620,720,3.75,3.9,3,4,1340,Male
580,760,3.58,3.71,3.66,4,1340,Male
610,730,3.63,3.71,4,4,1340,Female
670,670,3.25,3.7,3.66,2.66,1340,Male
700,640,3.48,3.63,4,2.66,1340,Male
690,650,3.49,3.59,3.66,4,1340,Female
660,680,3.29,3.54,3.33,3,1340,Female
650,690,3.25,3.52,3.66,NA,1340,Male
620,720,3.07,3.5,3.33,4,1340,Male
600,740,3.37,3.43,3.33,4,1340,Female
610,730,2.89,3.38,3.33,3.66,1340,Male
720,620,3.23,3.38,3,2.66,1340,Female
710,630,3.3,3.3,3.66,2.66,1340,Male
580,760,3.24,3.27,3,4,1340,Male
670,670,3.2,3.25,3,2.33,1340,Female
660,680,2.84,3.21,3,3,1340,Male
640,700,3.21,3.17,3.33,3.66,1340,Male
610,730,3,2.79,3,2.66,1340,Male
700,640,2.42,2,3.66,1.33,1340,Female
640,690,3.78,3.87,4,4,1330,Female
680,650,3.75,3.83,3.66,3.66,1330,Female
660,670,3.55,3.75,3.33,3.33,1330,Female
710,620,3.6,3.73,3.33,3.33,1330,Female
660,670,3.59,3.7,2.33,4,1330,Male
710,620,3.48,3.67,3.33,3.66,1330,Male
710,620,3.21,3.59,3.33,2.66,1330,Female
630,700,3.45,3.58,4,3.66,1330,Male
670,660,3.44,3.57,4,3.33,1330,Female
650,680,3.47,3.47,3.66,3.66,1330,Female
710,620,3.17,3.33,3,3,1330,Male
680,650,3.16,3.25,3.33,3,1330,Male
650,680,2.71,3.25,3.66,3,1330,Male
720,610,3.23,3.25,2.66,3.33,1330,Female
680,650,3.15,3.22,2.66,3,1330,Female
600,730,3.07,3.17,3.33,3,1330,Male
600,730,3.06,3.14,3,3.33,1330,Male
660,670,3.07,3.13,3,3,1330,Female
630,700,2.96,2.96,2.66,3.33,1330,Female
670,660,2.98,2.93,2.33,2.66,1330,Female
660,670,2.94,2.88,2.33,3,1330,Male
660,670,2.23,2.86,1,2.33,1330,Male
730,590,3.59,3.75,3.66,2,1320,Male
590,730,3.48,3.73,2.66,4,1320,Female
640,680,3.54,3.71,3,4,1320,Male
660,660,3.41,3.7,3.66,3.33,1320,Male
680,640,3.44,3.67,3.33,3.66,1320,Male
730,590,3.47,3.67,3.33,2.66,1320,Female
630,690,3.47,3.67,4,2.66,1320,Female
590,730,3.71,3.67,3.33,3.66,1320,Female
640,680,3.42,3.48,3.33,3.33,1320,Male
670,650,3.39,3.48,3.66,3.33,1320,Male
670,650,3.23,3.47,4,3.66,1320,Male
610,710,3.33,3.41,3.66,3.33,1320,Male
620,700,3.22,3.38,2,3.33,1320,Female
600,720,3.49,3.36,2.66,3,1320,Female
600,720,3.55,3.26,4,3.66,1320,Female
680,640,3.24,3.26,4,2,1320,Female
640,680,3.05,3.17,3.33,3.66,1320,Male
640,680,3.11,3.17,3,2.66,1320,Female
610,710,3.16,3.15,2.33,3,1320,Male
670,650,2.69,2.9,2.66,3,1320,Male
650,670,2.16,2.11,2.33,2.66,1320,Male
610,700,3.68,3.92,3,4,1310,Male
650,660,3.76,3.92,4,4,1310,Female
620,690,3.6,3.88,4,3.33,1310,Male
570,740,3.65,3.81,4,4,1310,Female
650,660,3.23,3.79,3.33,4,1310,Female
700,610,3.61,3.71,4,3.33,1310,Female
670,640,3.5,3.7,3,3.33,1310,Female
600,710,3.67,3.63,4,3.33,1310,Male
550,760,3.51,3.5,3.66,3.66,1310,Male
660,650,3.21,3.48,3,2.66,1310,Female
690,620,3.36,3.47,3,3,1310,Female
620,690,3.36,3.42,3,3,1310,Female
600,710,3.11,3.38,3.33,3,1310,Male
650,660,3.19,3.3,3.33,3.33,1310,Male
640,670,3.19,3.2,3.66,3.33,1310,Male
650,660,2.77,3.2,3.33,3.33,1310,Female
610,700,2.8,3.13,3.66,3.33,1310,Male
610,700,2.83,3.08,2.66,3.33,1310,Male
610,700,2.95,3.04,3.33,3.66,1310,Male
560,750,2.97,2.92,3.33,3.66,1310,Male
630,680,2.86,2.33,3.33,NA,1310,Female
620,680,3.42,3.96,NA,4,1300,Female
650,650,3.6,3.9,4,3.66,1300,Female
650,650,3.77,3.85,3.66,4,1300,Female
610,690,3.44,3.83,4,4,1300,Male
640,660,3.8,3.83,3.66,4,1300,Male
660,640,3.77,3.81,3.66,3.33,1300,Female
580,720,3.72,3.77,3.66,3.66,1300,Female
680,620,3.44,3.75,3.33,3.66,1300,Female
560,740,3.67,3.67,3.66,4,1300,Male
650,650,3.33,3.67,4,3,1300,Female
600,700,3.53,3.67,4,3.33,1300,Female
600,700,3.31,3.54,3.33,3.66,1300,Female
620,680,3.3,3.54,4,3,1300,Female
570,730,3.41,3.52,3.33,3.66,1300,Female
600,700,3.28,3.42,3.33,3.66,1300,Male
620,680,3.06,3.38,4,3.33,1300,Male
630,670,3.01,3.29,2.66,2.33,1300,Female
600,700,2.95,3.22,3.33,3.33,1300,Male
650,650,3.36,3.2,4,3.66,1300,Male
630,670,2.8,3.12,3,3.33,1300,Male
640,660,2.75,2.97,2.33,3,1300,Female
630,670,2.64,2.54,3.33,3,1300,Male
610,690,2.9,2.41,3.33,3.33,1300,Male
580,710,3.67,3.97,4,3.66,1290,Female
650,640,3.67,3.88,3.66,4,1290,Female
570,720,3.57,3.81,3.66,4,1290,Male
590,700,3.48,3.79,4,4,1290,Male
610,680,3.64,3.75,3.33,4,1290,Female
550,740,3.51,3.7,3.33,4,1290,Female
610,680,3.27,3.63,3.33,3.66,1290,Female
670,620,3.45,3.58,4,3,1290,Female
590,700,3.43,3.5,3,3,1290,Male
600,690,3.35,3.5,3.33,3.66,1290,Female
640,650,3.17,3.43,3.66,3,1290,Female
560,730,3.48,3.42,3,2.66,1290,Female
680,610,3.2,3.37,3,3,1290,Female
660,630,2.85,3.25,3.66,3,1290,Male
580,710,3.27,3.24,3.66,3.33,1290,Male
610,680,3.14,3.21,3.66,3,1290,Male
640,650,3.32,3.21,3.66,3.33,1290,Male
580,710,3.41,3.17,4,3,1290,Female
580,710,2.75,3.06,3,2,1290,Female
610,680,3,2.95,3,2.66,1290,Male
660,630,2.63,2.88,3.66,2.66,1290,Male
570,720,2.82,2.7,1.66,3.66,1290,Female
580,710,2.97,2.67,2.33,3,1290,Male
610,680,2.25,2.63,2.33,2,1290,Male
670,620,2.22,2.46,2.33,2.33,1290,Male
650,630,3.41,3.79,3.33,3.33,1280,Female
610,670,3.31,3.67,2.33,3.33,1280,Male
590,690,3.5,3.67,3,2.33,1280,Female
580,700,3.16,3.46,3,3,1280,Female
660,620,3.46,3.45,3,3.66,1280,Female
640,640,3.32,3.44,3.33,3.33,1280,Female
640,640,3.07,3.37,3,3.33,1280,Male
570,710,3.02,3.37,3.33,3.33,1280,Male
580,700,3.03,3.33,2.33,2.66,1280,Female
610,670,2.78,3.24,3.66,3.33,1280,Male
610,670,3.15,3.21,3.66,3.66,1280,Male
640,640,3.18,3.17,3.33,3.33,1280,Male
600,680,2.73,3.03,3,3,1280,Male
580,700,2.73,2.83,3,3,1280,Female
660,620,2.7,2.77,3.33,2.66,1280,Male
590,690,2.96,2.77,3.66,4,1280,Male
600,680,2.39,2.67,2.33,2,1280,Female
590,690,2.37,2.47,3,1.66,1280,Female
610,670,2.71,2.3,2,2,1280,Male
640,630,3.83,3.96,3.66,3.66,1270,Female
620,650,3.46,3.86,3.66,4,1270,Male
550,720,3.55,3.64,4,3.66,1270,Male
610,660,3.17,3.46,3,4,1270,Male
600,670,3.33,3.41,3.66,2.66,1270,Female
610,660,3.31,3.38,4,2.33,1270,Male
630,640,2.62,3.3,2.33,2,1270,Female
570,700,2.96,3.13,2.66,3.33,1270,Female
630,640,3.08,3.04,2,3.33,1270,Male
560,710,2.93,2.92,2.33,4,1270,Male
600,670,2.74,2.79,3,2,1270,Female
610,660,2.92,2.7,3.66,2.33,1270,Female
640,630,2.65,2.55,3.33,2,1270,Female
600,670,2.48,2.46,2,2.33,1270,Male
580,690,2.21,1.67,2,2.66,1270,Male
620,640,3.45,3.82,3.33,3.33,1260,Female
650,610,3.33,3.79,3.66,3,1260,Female
630,630,3.64,3.75,3.66,3.66,1260,Female
610,650,3.37,3.63,3.66,3.33,1260,Male
590,670,3.54,3.58,3.33,3.66,1260,Male
640,620,3.46,3.42,3.33,3.33,1260,Female
580,680,3.11,3.33,3,3.33,1260,Female
640,620,3.14,3.27,3.33,3.66,1260,Female
600,660,3.29,3.25,4,3.66,1260,Female
590,670,2.92,3.23,1.66,2.66,1260,Female
630,630,3.1,3.17,3.66,2.33,1260,Male
540,720,3.07,3.13,3,3.33,1260,Male
640,620,2.71,3.08,1.66,3,1260,Male
550,710,2.99,2.93,3.33,3.66,1260,Female
600,660,2.78,2.88,3.33,3,1260,Male
630,630,2.85,2.88,4,2.66,1260,Male
560,700,2.51,2.5,3.33,3.33,1260,Male
590,660,3.58,3.78,3.66,3.66,1250,Female
660,590,3.83,3.78,4,3.33,1250,Female
600,650,3.53,3.67,3.33,2.66,1250,Male
600,650,3.25,3.63,3.33,4,1250,Male
550,700,3.3,3.45,4,3.33,1250,Female
620,630,3.22,3.38,2.66,3.66,1250,Female
590,660,3.38,3.29,3.33,2.66,1250,Female
610,640,3.21,3.28,3.33,3.66,1250,Male
570,680,3.21,3.25,3.33,3.33,1250,Male
570,680,3.23,3.21,3,3,1250,Female
610,640,2.98,3.21,2.66,2.66,1250,Female
570,680,3.09,3.15,3.33,3.33,1250,Female
650,600,2.69,3.11,3.33,2.66,1250,Female
630,620,3.02,3.03,3,2.33,1250,Male
570,680,2.87,3,2,2.66,1250,Male
540,710,2.6,2.85,1.66,3,1250,Male
610,630,3.51,3.67,3.66,3.66,1240,Male
580,660,3.56,3.67,3.66,4,1240,Female
550,690,3.19,3.42,2.66,3,1240,Female
580,660,3.3,3.33,4,3,1240,Male
610,630,3.22,3.33,0,3.66,1240,Female
560,680,3.15,3.26,3,4,1240,Female
640,600,3.23,3.25,2.66,NA,1240,Male
600,640,3.27,3.21,3,3,1240,Female
590,650,2.97,2.97,3.33,2.66,1240,Female
550,690,2.85,2.79,2.33,1.66,1240,Male
590,650,2.41,2.42,3,2.33,1240,Male
530,710,2.91,2.3,3,3,1240,Male
530,700,3.43,3.74,4,4,1230,Female
600,630,3.42,3.67,4,3.66,1230,Female
590,640,3.46,3.58,3.66,3.66,1230,Female
600,630,3.09,3.5,2.33,2.66,1230,Female
520,710,3.33,3.48,3.33,4,1230,Male
730,500,3.27,3.46,2.66,3,1230,Male
610,620,3.23,3.42,3.66,3.33,1230,Male
530,700,3.21,3.42,2.66,3.66,1230,Male
690,540,3.2,3.33,3.66,3.33,1230,Female
590,640,3.12,2.96,3.33,2.66,1230,Female
560,670,3.03,2.89,3,3.33,1230,Male
560,670,2.91,2.88,2.33,3.33,1230,Female
510,720,2.89,2.83,2.33,3,1230,Male
620,610,2.91,2.79,2,4,1230,Female
570,660,2.45,2.33,3,2.33,1230,Female
570,650,3.63,3.96,3.33,4,1220,Female
510,710,3.57,3.83,3.66,4,1220,Male
580,640,3.54,3.67,3.66,3.33,1220,Female
610,610,3.42,3.63,4,3.33,1220,Female
640,580,3.21,3.43,4,3,1220,Female
650,570,2.92,3.33,3.33,3.33,1220,Female
540,680,2.78,3.22,3,3,1220,Female
600,620,2.7,2.95,2,2,1220,Female
590,630,2.76,2.75,2.66,2.66,1220,Female
620,600,2.52,2.7,1.66,2,1220,Female
580,640,2.51,2.38,2,2.33,1220,Male
590,620,3.19,3.42,3.33,4,1210,Female
600,610,3.1,3.38,3.33,2.66,1210,Female
520,690,3.45,3.37,4,3,1210,Male
570,640,2.98,3.08,2.33,4,1210,Male
590,620,2.8,3.07,1.66,2.66,1210,Female
510,700,2.89,2.95,2.33,3,1210,Female
610,600,2.96,2.83,3.33,3.33,1210,Male
500,710,2.61,2.73,3.33,3,1210,Male
540,660,3.68,3.67,4,3.66,1200,Male
540,660,3.37,3.63,3.66,3.66,1200,Female
580,620,3.25,3.53,3.33,3,1200,Male
530,670,3.24,3.39,3,3.33,1200,Female
620,580,2.85,3.29,2,2,1200,Female
600,600,3.24,3.29,3,3,1200,Female
560,640,3.14,3.25,3,3.66,1200,Male
570,630,3.39,3.25,3.33,3.66,1200,Female
580,620,2.72,3.04,2.66,3.33,1200,Male
550,650,2.6,2.92,3.33,3.33,1200,Male
580,620,2.98,2.81,3,2.66,1200,Female
500,700,2.54,2.71,1.66,3.33,1200,Male
530,660,3.4,3.58,2.33,2.66,1190,Female
530,660,3.3,3.5,3,3.33,1190,Female
590,600,3.35,3.5,3.33,3.66,1190,Female
670,520,2.9,3.26,3.33,3,1190,Female
570,620,2.71,3.25,3.66,3,1190,Male
560,630,2.94,3.17,2.66,2.22,1190,Female
640,550,3.22,3.15,2.66,3.33,1190,Female
560,630,3.25,3.08,3.33,3.66,1190,Male
600,590,2.82,3.07,3.66,2.66,1190,Male
480,710,2.83,2.9,2.66,3.33,1190,Male
620,570,2.11,2.13,3,2,1190,Male
700,480,3.75,4,4,3.66,1180,Female
510,670,3.65,3.7,3,4,1180,Male
520,660,3.3,3.58,3.33,3.66,1180,Female
590,590,3.58,3.5,3.66,4,1180,Male
540,640,3.18,3.33,3.66,3.66,1180,Female
580,600,3.16,3.24,2.66,3.33,1180,Female
550,630,3.25,3.17,3.33,3.66,1180,Female
580,600,3.1,3.06,4,2.66,1180,Female
530,650,2.82,3,2.66,3,1180,Male
570,610,2.3,2.83,2.33,3,1180,Male
590,590,3.02,2.76,3,2,1180,Female
590,590,2.46,2.67,2.33,3,1180,Male
680,500,2.64,2.63,3,3,1180,Female
540,640,2.37,2.5,2.33,1.66,1180,Male
580,600,2.42,1.96,2.66,3.33,1180,Female
580,590,3.34,3.67,3.66,2.66,1170,Female
580,590,3.24,3.52,3.33,2.66,1170,Female
520,650,3.26,3.38,3,3.33,1170,Female
540,630,3.02,3.26,3.66,4,1170,Male
540,630,3,3.19,2.66,3,1170,Male
540,630,3,3.17,2.33,3.66,1170,Female
540,630,2.87,3.11,2,3.66,1170,Male
540,630,3.04,3.04,1.66,2.66,1170,Female
510,660,3.05,2.83,2.66,2.66,1170,Male
520,650,2.92,2.75,2.66,3,1170,Male
570,600,2.9,2.72,2.33,2.66,1170,Female
570,600,2.54,2.33,1,2.66,1170,Male
570,600,2.14,2,1.66,2.66,1170,Male
490,680,2.3,1.74,2,2.66,1170,Male
610,550,3.48,3.71,4,3.33,1160,Female
550,610,3.45,3.69,3.66,2.66,1160,Female
540,620,3.06,3.23,3.33,3.66,1160,Female
600,560,2.94,3.11,0,2.33,1160,Female
550,610,3.02,3.04,2,3.33,1160,Female
520,640,2.81,2.96,3,3,1160,Male
530,630,2.53,2.58,2,3,1160,Male
520,640,2.7,2.5,2,2.66,1160,Male
470,690,2.27,2.08,1.66,3,1160,Male
510,650,2.06,1.88,2,2.66,1160,Male
560,590,3.36,3.29,3.33,3.33,1150,Male
450,700,2.45,3.29,2,3.33,1150,Female
510,640,3.19,3.23,4,3,1150,Female
530,620,3.16,3.13,3,4,1150,Female
590,560,3.14,3.05,2.66,3,1150,Male
530,620,2.76,2.67,3,NA,1150,Female
610,530,3.33,3.5,3,3,1140,Female
610,530,3.44,3.25,3.33,NA,1140,Male
520,620,3.05,3.21,3,3.66,1140,Female
620,520,2.94,3.13,1.66,1.66,1140,Female
500,640,2.66,2.92,2.33,2.66,1140,Male
570,570,2.71,2.88,3,1.66,1140,Female
570,570,2.68,2.38,2.66,3,1140,Male
570,570,2.29,2.25,2.33,2.33,1140,Male
530,600,3.47,3.67,2,2.33,1130,Female
490,640,3.24,3.63,2.66,3.66,1130,Male
570,560,3.13,3.33,3.33,1.66,1130,Female
560,570,3.25,3.33,3,3.66,1130,Female
600,530,3.31,3.29,3.33,2.66,1130,Female
500,630,3.31,3.21,2,2.33,1130,Male
620,510,3.06,3.12,3,1.66,1130,Female
520,610,2.68,3,2.66,3.33,1130,Male
620,510,2.55,2.93,2,3.33,1130,Male
540,590,2.62,2.92,2,1,1130,Female
500,630,2.91,2.88,2.66,2.33,1130,Male
370,760,2.69,2.67,1.66,4,1130,Male
530,600,2.49,2.29,2.33,2.33,1130,Female
470,650,3.36,3.63,NA,3.66,1120,Male
550,570,3.58,3.63,4,3.66,1120,Female
530,590,2.78,2.97,2.33,1.66,1120,Female
540,580,3.07,2.94,2.66,2.66,1120,Female
540,580,2.77,2.87,2,2,1120,Female
470,650,2.78,2.83,2.33,2.66,1120,Female
540,580,2.45,2.77,2.33,2.33,1120,Male
580,540,2.81,2.47,3.33,3.33,1120,Male
500,620,2.21,2.39,1,2,1120,Male
550,570,2.49,2.22,2.33,2.33,1120,Female
480,630,3.47,3.67,4,4,1110,Male
470,640,3.38,3.5,3,3,1110,Male
520,590,3.34,3.42,2.33,3,1110,Female
490,620,2.63,2.92,0,2.33,1110,Male
490,620,2.8,2.8,1.66,2.33,1110,Male
510,600,2.07,2.43,2,1.66,1110,Male
580,530,2.2,2,2.33,1.66,1110,Female
530,570,3.47,3.7,2.66,3.33,1100,Female
500,600,2.92,3.52,3,2.66,1100,Male
650,450,3.12,3.38,3.33,3.33,1100,Female
520,580,2.99,3.21,3.33,3,1100,Male
530,570,3.19,2.97,3.33,3.33,1100,Female
470,630,2.66,2.92,2.33,2.66,1100,Male
510,590,2.61,2.63,2,2.33,1100,Male
430,670,2.54,2.33,1.66,2.33,1100,Male
460,630,3.58,4,3.66,3.66,1090,Male
480,610,3.4,3.76,2.66,4,1090,Female
500,590,3.38,3.67,3.33,3,1090,Male
590,500,3.33,3.37,3,3,1090,Female
530,560,2.9,3.17,2.33,2,1090,Male
560,530,2.51,2.52,NA,2.66,1090,Male
480,610,2.62,2.46,2.33,2.66,1090,Male
570,520,2.29,2.17,2,1.66,1090,Male
510,580,2.1,1.73,2,1.66,1090,Female
520,560,3,3.54,3,3.33,1080,Male
500,580,3.07,3.24,2.66,2.33,1080,Male
450,630,3.17,3.2,2.66,3.66,1080,Male
500,580,3.01,2.96,3,3,1080,Male
590,490,2.76,2.78,NA,2.66,1080,Male
550,530,2.67,2.71,3.33,2.66,1080,Female
550,530,2.68,2.59,3,2.66,1080,Female
530,550,2.23,2.29,2,1,1080,Male
480,590,3.44,3.57,3,4,1070,Female
520,550,3.31,3.29,3.33,3.66,1070,Female
580,490,3.24,3.04,3.33,3,1070,Female
490,580,2.71,3,2,2.66,1070,Female
600,470,2.7,2.97,3,2,1070,Male
540,530,2.77,2.92,2.66,3.66,1070,Male
480,590,2.88,2.92,1.66,2.66,1070,Female
500,570,2.76,2.83,1.66,3.66,1070,Male
530,540,2.86,2.79,4,2.33,1070,Male
520,550,1.97,1.95,2,1,1070,Female
460,610,2.13,1.83,1.66,2.66,1070,Male
500,560,3.36,3.5,3,3.33,1060,Male
580,480,3.29,3.38,3,3.33,1060,Female
550,510,3.13,3.3,2.66,3,1060,Female
460,600,2.44,3.07,1.66,1.66,1060,Female
450,610,2.6,2.67,2,2.33,1060,Female
530,530,2.33,2.42,1,1.66,1060,Male
510,550,2.36,2.25,2,2.66,1060,Female
560,500,2.58,2.23,2.33,2,1060,Male
570,480,3.02,3.75,3.66,3,1050,Male
550,500,3.44,3.67,3,3.33,1050,Female
480,570,2.69,3.22,2.33,3.66,1050,Male
500,550,3.06,3.1,2.33,3.33,1050,Female
570,480,3.21,3.03,3,3,1050,Male
580,470,2.19,2.62,3,2,1050,Male
530,520,2.02,2.04,NA,2,1050,Female
470,570,2.63,3.11,2,NA,1040,Female
420,620,2.93,2.79,NA,2.33,1040,Male
470,570,2.2,2.15,1.66,1.66,1040,Female
520,520,1.78,1.48,2.33,1.66,1040,Male
530,500,3.03,3,2,2.66,1030,Female
460,570,2.74,2.92,2,3.33,1030,Male
470,560,2.74,2.9,3,NA,1030,Male
500,530,2.22,2.9,3.66,1.66,1030,Male
460,570,2.29,2.3,1.66,1.66,1030,Male
440,580,3.43,3.38,3.33,2.66,1020,Female
440,580,2.98,3.11,2.66,3,1020,Female
520,500,2.87,2.85,2.66,2,1020,Female
500,520,2.39,2.42,1.66,0,1020,Female
440,580,2.28,2.18,2.66,2,1020,Female
540,470,2.9,3.28,2.66,0,1010,Female
490,520,2.99,3.1,3,3,1010,Male
440,570,2.15,2.55,2,2.66,1010,Male
490,510,2.5,2.33,1,2,1000,Male
460,530,2.67,2.83,2.33,3,990,Male
490,500,2.61,2.83,4,2.33,990,Male
440,550,2.24,2.05,0,2,990,Female
460,520,3.25,3.25,3.66,3,980,Female
420,550,3.22,3.29,3.66,3.66,970,Male
440,530,3.05,3.22,2.33,2.66,970,Male
510,460,2.52,2.63,2.66,2,970,Male
580,390,2.95,2.62,3.33,1.66,970,Female
480,490,2.17,2.19,1.66,2.33,970,Female
480,480,3.47,3.57,3.33,3.33,960,Female
500,460,2.85,3.28,2,3,960,Female
500,450,2.88,3.3,NA,3,950,Female
440,510,2.82,2.88,2.66,2,950,Female
410,540,2.34,2.57,2.33,3,950,Male
420,530,2.75,2.44,2,3,950,Male
440,500,2.9,2.96,2.66,3,940,Male
490,450,2.33,1.97,1,2.66,940,Male
480,450,2.62,2.44,2.33,1.66,930,Male
460,470,1.88,1.61,1.66,0,930,Female
430,490,2.94,2.75,3,2.66,920,Male
390,520,3.07,3.61,2,2.33,910,Male
450,440,2.52,2.05,1.66,2.33,890,Female
420,440,2.2,2.36,1.66,2,860,Female
400,460,1.96,1.79,NA,2,860,Male
410,450,2.19,1.7,2.33,1,860,Male
390,450,2.97,3,2.66,2.33,840,Male
400,440,2.48,2.7,1,1,840,Male
470,350,3.14,3.21,3.66,2.33,820,Female
410,380,2.27,2.33,NA,2.66,790,Female
